angel	forgotten	kid	listened	mist
17	age	around	comforting	early	find	forgot	gentle	graduated	grew	grow	jesus	job	leave	loving	most	mr	no	people	pretensions	reeves	simple	smooth	sounds	sweet	think	town
everyday
appreciate	child	crybecause	death	fear	funerals	got	jim	reeves	reminded	rip	souls	touches	your
changes	didnt	do	jim	reeves	teenager	things
71	also	comes	feeling	jim	listened	nostalgic	puts	reeves	since	tunes
18	47	67	able	aisle	apcjust	babies	both	cry	dianne	down	drivergunner	foreboding	girlfriend	hawaii	herinducted	high	into	june	knowledge	laid	later	make	married	marry	might	months	oldtook	rpg	school1966	senior	texasmy	usmc	walk	wedding	year
1964	also	before	charity	colour	concert	death	dvd	few	interviewed	jim	june	length	norway	picked	rare	shop	weeks
47	contents	follow	god	grew	heart	its	jim	lord	muslim	places	praise	praises	reeves	seen	sure	type	universal	well	words
grew	jim	lane	memory	reeves
1970s	cry	dance	favourites	grandfather	grandparents	hearing	jukebox	pub
fine	gentleman	jim	parents	player	record	tune	tunes
44yr	album	away	drift	im	jim	reeves
60s	early	england	fantastic	jim	john	listened	lot	reeves	singer
1966	coming	heart
father	jim	kid	lps	player	record	reeves
1966	born	by	everyone	missed	number	singer	well
remembering
children	comfort	lot	lovedplayed	parents	too
bring	candy	fond	jim	momma	oldies	overthese	such
if	known
away	dance	get	goosebumpsthis	has	littlemy	mommy
being	cannot	child	furniture	gramaphone	grandparents	house	itself	jims	made	piece	replicated	rose	small	somehow	sound	such	suited	today	tone	vacuum	valves	well	wood
away	both	boyi	each	everytime	god	hums	late	moms	too	way
59	almost	country	crash	death	forever	im	jim	live	plane	reeves	shattered	singers	untimely	world
army	home	jim	join	left	make	outshe	piece	player	record	reeves	sure	them	till	told	wore
amazing	country	get	peter	remind	served	thinking	while
40years	boy	drinks	few	house	jim	live	long	party	reeves
captured	childhoodmy	died	everyone	favourite	hrs	jim	last	memoriesthank	mums	reliving	sadly	shares	shes	spent	such
10	away	correctly	crash	died	disc	if	jockey	mr	news	plane	reeves	said	wire
30	47	australia	away	blue	caught	child	hearing	husband	started	straight	sung	western	whilst	words
asked	both	father	going	gone	into	law	loving	mary	mother	name	people	them	war	world
gentleman	jim	mary	name	too	well
give	kid	more	soon	taken	too
awesome	bless	distant	drums	god	inverness	jim	jims	listened	since	singer	teens
genesis	punk	rock
cafe
2006	away	cry	frequently	grandmother	grandmothers	hearing	listened	quite	september	since	singer	thinking	want
parents
60s	andor	big	breakfast	bring	could	dean	does	early	fix	go	gosh	hank	jim	jimmy	jones	late	morning	nearly	pancakes	put	reeves	sausage	sunday	us	williams
cash	granddad	jim	johnny	liked	reeves
arranged	beautifully	during	enough	era	kind	know	knowing	labor	live	lucky	musicthe	produced	real	record	sad	see	smile	well	written
childhoodloved	track
around	awesome	cheers	down	face	lane	live	long	memory	other	trip	where
classic	do	hanging	theresure	throw
31	babe	been	god	husbands	joke	loveits	months	no	rip	since	use	yrs
1974	brilliant	last	remind	wen	year
fell	gosh	oh	sweet	tune	youth
945	az	classic	gold	graffiti	jacks	koolfm	phoenix	posting	show	weekend	wolfman
most	thought
lady	north	oahu	shore	special	sunset	watching
42	attention	because	broke	choose	competing	growing	guy	heart	ladies	other	reconnected	turned
1990but	bawled	beatles	broke	checking	did	elvisloved	eyes	gatealways	get	lump	people	sight	throat	together	wife	work	your	youtube
elvis	everytime	funeral	grandma	head
everything	imagine	live	lyrics	side
10	been	broke	heart	later	loving	more	most	regret	relationship	ruined	should	transparent	woman
along	amazing	blessed	both	curled	deep	fathers	give	glad	lap	mary	most	receive	sat	shared	showing	sung	them	together	welsh	while
reminded	usa	which	youthful
baritoneheard	could	everytime	golden	growing	nostalgic	swoon	upand
11	adults	announcement	around	aunts	died	elvis	family	go	into	kitchen	shock	shocked	standing	too	tv	watching
child	rip	sweet
eyes	tears
45	67	alive	bought	motown	record	sound	well	yo
19
black	college	fantastic	group	guys	probably	soul	steve	teens	thought	winwood
60s	fantastic	rock
14	17	boot	fantastic	mono	no	stereo	steve	winwood	year
sure	thats
francisco	san	way
died	laura	name	wifes
16	clearly	dancing	im	mama
everyday	hearts	laura	longer	mums	name	no	remains	us
80s	depressing	early	id	kid	most	tape	thing	thinking
banger	cars	do	lorry	meeting	race	racing	way
11	away	cd	grandad	im	learned	listens	lost	sadly	words
1993	como	italia	laura	turn
its	lovely	made	us	video	work
bring	changed	daughter	dont	even	eyes	growing	if	im	know	late	later	leoni	name	obviously	shes	stuck	tears	teens	thats	them	toddler	tunes	which
dads	favourite	last	lost	singers	year
absolutely	artist	come	grandfathers	jim	reeves
dear	distant	drums	jim	maybe	memory	reeves	unforgettable
banned	been	bonnie	lies	lol	ocean	personally	sad	sadder	think
1960	big	charts	hit	memorable	no	teenager	wander	weeks
lol
14	20	90s	ask	bullshit	called	contact	courage	during	early	facebook	flowing	found	friends	girl	got	happily	joking	kids	later	laura	living	long	married	messages	met	part	plucked	separate	true	ways	went	year
blackstone	crossroads	laura	lived	where	wonder
child	oh	such	use
forgeti	gonna	jim	memoriesis	sad
along	grandad	grandparents	hearing	jim	nan	reeves	rip
been	different	experienced	head	lot	shoulders	things	younger
bring	yesterday
caretaker	embarrassing	everyday	find	men	need	sang	sweet	tommy	usually
also	been	choice	completely	composure	couldnt	favorites	funeral	grandads	guess	hit	home	id	incheck	kept	lost	mary	melancholy	more	named	nan	peaceful	perfect	quite	relatively	service	soon	started	thinking	throughout	too	uplifting	us	utterly	which	year
chronic	constant	danced	dancing	engaged	got	husband	jim	live	mining	no	pain	reevesi	worked	world
age	alive	brought	father	feelings	kid	living	lot	man	parents	prime	teen	younger
73	alive	lord	take
20	21	3rd	acknowledge	also	anita	anna	before	damn	depending	few	gf	hooked	house	id	into	knows	last	live	maciaswho	might	moment	more	mother	mothers	name	oct	ran	reconnected	see	store	think	tv	watched	whether	year
73	around	elvis	king	late	let	mother	stay	talk	true	watch
believe	hard	less	than
bedroom	deep	elvis	etc	forget	here	looks	oldie	posters	singers	surpass	tuning	videos	voiceand	wall	younger
158	before	booth	bought	changed	chemist	local	oh
schoolboy
1965	2018	25	53	60s	78	band	called	decca	fun	gets	golden	got	has	hello	included	its	june	knows	list	lost	made	might	miming	net	presidents	recording	reflection	released	rock	romance	together	trend	video
wasnt
6pm	become	big	called	channels	dances	did	even	going	group	home	hurry	kingson	local	star	such	teen	teenage	think	tv	went	where
31	died	do	greatest	itll	lovely	memoriesget	rip	start	today	your
angel	blue	christmas	gram	lps	orbison	roy	stereo
16	aunt	cousin	cute	dum	everywhere	go	haha	lonely	lot	orbison	roy	yeh
concert	got	pictures	took	visited	ya
awesome	bro	brother	cat	died	few	greatest	memory	roy	stevens	thats	think	though	tiein	whenever
bless	god
50s	60s	if	live	most	rubbish
nostalgia
fantastic	grandparents
girl	listened	lot
album	boyfriendsuch	loosing	wore
asked	because	couldnt	decades	developed	did	different	donehe	if	impossible	interview	learned	nobody	person	probably	roy	said	sang	someone	something	stylefrom	tell	told	why
1988	able	appreciation	away	been	could	drop	enough	father	few	front	growing	has	lucky	november	pin	row	roy	said	sang	seats	see	since	such	uk	unfortunatley	weeks	went
able	done	fantastic	live	lot	past	quality	revisit	singers	superb	through	took	treasure	video	well	youtube
able	also	anyone	artist	by	charts	country	crossed	happened	impeccable	perfection	pop	pure	record	shot	sung	technically	unforgettable	well	which
country	oldies
grannys	party
40	50s60s	anything	kid	lou	nc	raleigh	thought	top
45s	bursting	country	dont	gave	girl	grandmoms	heart	hello	home	honey	house	playing	said	take	them	until	walls	why
country	girl	hearing
end	thought	yes
1985	86	country	doing	during	help	its	kid	please	soulful	sweet
holiday	parentslovely
apply	lots	navy	today	words
child
grew	party	rock	roll	teenager	town	tv
1950s	1960s	during	grand	growing	ole	opry
60s	entertainment	forward	late	least	lip	live	look	started	weekends
remembering
girlfriends	jukebox	wow
such
away	oh	ya	yes
mama
1979	asked	barbadosi	barmaid	bought	coffeebar	daywith	dec	disc	hank	here	labelby	lp	middleeurope	name	next	paper	pickwickin	postings	rare	singinthis	songthe	store	timein	unknownthanks	wrote
brought	country	kind	long
hank	locklin	since
chair	clacki	clipy	daddy	go	rocking	sleep	use
getting	id	im	muchfirst	unbelievable	yokel	younger
being	country	fed	figure	force	go	kid
few
omg
eyes	gives	gold	grew	recall	tears
57	child	country	hood	into	remind	weeks	yes
admit	come	eyes	know	water	your
calling	child	country	find	grandparents	hate	hillbilly	myself	no	other	parents	reason	rock	than	whatever
artists	black	do	night	saturday	sharing	sure	tv	white
around	delivered	heads	lovely	message	minutes	records	ring	singers	thumbs	unbelievable	well
bed	child	dancing	even	feel	imagine	place	sick
dancing	dont	lt	sad	stories	such	today
55	dancing	has	mother	parents	posting	watching	wedding
reminiscing
10	30th	august	away	learned	memorymy	roller	skate
lovely	such
dads	everyday	family	happiness	teen
62	agomiss	dadmarried	yearsmy
drinks	family	few	friends	get	togethers
dance	definitely
40yrs	by	club	engelbert	last	night	remind	waltz
grandma	grandpa	kind	ol
playing	radiogram	records
bad	lot
dance	end	forever	last	lingers	mind	must	nice	should	until	waltz
grandparents	lyricsits	seven	strange	understand
dancing	do	grandparents	hope	sweet	wherever
charge	church	got	liked	person	weddingi	went
around	aunts	dance	end	floor	im	late	man	mid	older	receptions	twirling	uncles	wedding
bring	engelbert	humperdinck
1968	dance	gramophone	has	instructions	mrs	primary	shouting	student	taking	teacher	us	waltz
already	because	cant	dadbecause	dance	danced	daughter	during	even	gonebut	hand	handshug	happened	hearti	hes	high	hold	juniorsenior	last	lend	nightthat	papa	promi	remained	saying	thing	tightsaying
70sgood	boyfriend	sentimentalyahooo	theme
1960s	bus	fairground	girli	go	happiest	innocence	largs	pal	playing	remind	such	trip	waltzershappy	went
60s	late
exgirlfriend
dayslove	remembering
bedroomlife	kitchen	mothers	playing	radiothat	sun	sunsetbelow	sweet
friend
1970s	british	club	legion	people	tranent
60th	anniversary	danced	diamond	forever	last	parents	such	their	wedding	weekendbeautiful
1969	danced	exact	record
died
nostalgic
2016	daughter	died	mant	memoriesbefore
marvelous	tastefully
amazingyou	era	fell	grow	lucky	memory	musicthanks	where
anymore	blast	dont	house	make	past	playing	them
15	20	far	until
11	15	1927feb	2009	april	dancing	jensen	june	living	remembering	room
2019	anyonei	remembered
also	blasting	child	elvis	frank	full	gospel	grandma	grew	house	jones	mother	passion	presley	sinatra	tom
another	because	find	girlfriend	guy	kid	left	longtime	sad
funnyi	girl	kid	thought	yrs
everytime	granddad	phenomenal
has	mother	sunday
1977	kid	reminding
anytime	because	careful	daddy	if
1968	engelbert	glad	grew	high	im	real	released
coming	daddy	father	hang	home	im	loves	next	omg	philippines	year
20	child	grandfather	grandpa	heaven
feel	greati	itit	listened	make	missed	people	place	rewind	something	tried	where
2019	flashback	gone	july	remains	uncles
bottom	cause	creator	everything	father	granddaughter	heart	here	know	law	papa	right	youre
each
album	engelbert	humperdincks	list
closing	eyes	forever	help	lost	nothing	relive	remove	them	us	while	yesterday	your
2018	pops	someone
if	ones	own	stirs	written
better	did	fantastic	go	heart	make	person	place	relive	sounds	special	way	your
bring	its	lonely	partner	please	sin	someone	sweet
1975	songmemories	take
amazing	blast	buried	come	deep	growing	havent	its	mid	mind	past	power	real	seventies	something	suddenly	surface	transport	wow	your
amazing	child	damn	everything	feel	felt	gave	its	ok	parents	reminding	secure	sharing	should	such	world	wow	yet
right	thats
age	down	fantastic	lane	memory	omg	replaced	take	talk	trip
almost	lovely	posting	such	teary	vivid
band	by	catchy	magic	right	think	though	track	tune
agogood	brothers	childhoodlong	long	sistersthanks	uploading
classic	dont	make	nowadays	pilot	younger
by	dream	few	gone	happier	look	moments
bringing	by	comparison	feel	fore	kids	knew	looks	mattered	modern	more	musical	nostalgic	offerings	pale	real	realize	than	themselves	todays	youtube
closing	evokes	front	future	spend	twenty	wishing
im	mid50s	suddenly	teenager
25	afterwards	attendance	attractive	away	called	dairy	disco	doing	drive	driver	drivers	enjoyed	equipment	especially	fork	has	help	john	ladies	lift	london	lots	lovely	mobile	other	pack	parties	ran	set	sloop	stay	take	truck	turn	various	west	worked
record
child	drop	emotional	middle	pilot	simpler
could	go
brought	glad	pleasure	southam
birthday	buying	record	sister
49	did	uploading
part	pilot
tune
aunt	grace	remind
amazing	anthony	clich	concerned	full	no	walsh	where
12	also	any	by	cant	caught	different	dont	early	even	eye	get	girl	im	incurable	issue	know	later	look	months	more	motown	platform	realize	rock	romantic	think	though	undergraduate	vividly	why	woman
14	21	30	another	anyone	cheated	dated	else	has	if	lets	man	married	marry	mary	melove	mother	name	naver	thornwell	waitmy
20s	62	captivating	could	do	god	hi	holgmany	house	karaoke	mid	new	parties	rest	sang	soul
1997	59	aged	around	australia	belfast	both	child	died	drinking	incurable	left	missed	mother	murray	romantic	ruby	sadly	same	smoking	soon	sydney	too	victim	world
bless	brothers	heartthrob	innocent	more	older	ruby	simpler
20	another	awake	barrack	bond	fellows	nights	room	said	should	stay	sunday	ted	tooting	top	version
60yrs	agotime	fast	gos	gram	magical	masters	moments	putting
13	died	mums
76	aussie	fan	keen	mad	sure	wow
looked	sounded
1950s	58	8th	along	basco	bascos	been	beginning	brother	fellow	ginnie	ginny	going	grade	graduated	has	havu	its	knew	maddox	name	nickname	older	once	other	sang	skip	skipmy	skipper	spelt	students	teenage	their	together	virginia	walter
brewer	cleaning	dont	growing	hearing	house	shes	sounded	teresa	use
father	page	patti
72	boughtim	off	reach	record	where
75	last	made	playing	them	todays	youth
big	brewer	fan	father	kinda	lady	named	partial	sharing	teresa
amazing	billy	darling	do	heaven	jillian	least	log	most	place	playing	singer	us	week	whole	wide	world	your	youtube
billy	eckstine	feel	full	hearing	melancholy	nostalgic	warm
billy	cardiff	concert	eckstine	met	see	sixty	together	uk	wales	went	wife
gem	made	posting	sharememories	superb
teen
1950s	alive	beach	bet	billy	boy	early	eckstein	golden	hed	if	island	lido	live	long	parents	room	see	sounded	sounds	standing	took	tour
50s	bye	club	impersonate	kyrill	morgan	mr	trinant	use
50s	family	lovely	nostalgic	singer
along	boone	clearly	danial	door	eds	green	hilarious	oddly
1962	ames	boone	born	character	connect	daniel	didnt	ed	later	mingo	niece	playing	quite	series	until	well
1989	around	born	dance	daughter	dont	hold	house	know	memory	months	precious	stumbled	sweet
almost	ames	carson	ed	hilarious	johnny	lost	manhood	show
2002	being	generations	grandparents	head	since	stuck	through
61	born	child	clever	grandfather	lyrics	sang	voices
actually	baby	chorus	daughter	haha	ive	sharing	step	video	whole
55	born	literally	memory
2015	been	brain	comes	down	embedded	fifty	filtered	flooding	granddaughter	grandsons	has	into	ive	later	nine	parts	since	subconscious	three	yes
26	above	adore	baby	beloved	daddy	father	heaven	high	kisses	listens	thousand
happier	reminder	safer	sincere
50s	60s	computer	did	experience	no	sit	today	well
could	covey	did	emotion	female	fifties	lyrics	singers	sixties	such	sweet	today
1952	born	entirety	its	lullaby	sang
17	another	army	bittersweet	exact	home	join	left	memory	morning	oldit	playing	record	story	thats	turned
away	boy	children	fortunately	going	goodbye	havent	jimmy	kid	later	married	named	older	raised	sang	say	sharing	since	sister	started	steady	two	until
23	age	brother	crying	died	hearts	jimmy	name	stopped	want
been	billy	boy	brother	far	felt	got	happier	id	jimmy	long	lullaby	mother	nickname	nicknamed	sad	sadnonetheless	sang	sharing	since	such	too	tyke	upbeat	while
been	brought	danced	eyes	girls	god	hurts	million	tears	terribly	them	thinking	tune	uploading
94	bless	by	dry	fifty	going	hand	look	mangle	putting	see	seven	shes	since	strong	through	us	washing	year
because	child	cry	funny	made	sister	thought
cry	girljust	older	see	sister
could	friend	july	left	see
10	badly	been	could	died	even	get	gone	jimmy	may	see	though	try	well
13	appeared	been	enjoy	lovely	posting	wanting
lovely	usa
shows	tv	watch
1950s	dickie	lovely	remembered	singer	valentine
50s	nostalgia	singer
assets	consider	corn	crooner	dickie	earned	entertainer	guy	lovely	make	microphones	missed	near	no	period	rip	sadly	silk	singer	their	today	where	words	writers	writing
6rtr	germany	munster
absolutely	ernie	feel	ford	forgotten	lovely	past	should	whenever
brilliant
crazy	mother	post	such
195455	afn	army	germany	hdqrs	hit	luxembourg	most	night	seventh	stuttgart	uk	us	while
younger
believe	cant	crying	goneand	im	long	mans	oh	posting	sang	write
broken	copy	fifties	found	got	here	mine	pleased	put	way	youtube
age	high
morning	parents	saturday
kind	morning	sunday
16	1963	youth	yrs
bring	could	dont	know	missing	must	people
clasmate	danilo
10	50s	60s	brenda	dear	early	emotions	hearing	id	late	records	such	turn	year
1963	boat	by	bye	decades	holds	missed	numerous	strong	way
could	during	lovely	meaningful	performing	see	them	turnback
end	nostalgia	world
12	1963	brenda	lee	pretty	such	well
beautifully	bring	classical	hauntingly
hearing	melody	tune
10	11	booming	by	foley	gal	introduction	red	such	sure	tv	year
flies	oh	wow
anything	backwards	being	by	currently	enriched	era	exchange	fact	forwards	garbage	goes	going	issues	kids	lives	matter	no	previous	teen	terrific	their	tune	wise
1963	high	sad	senior
13	1963	explosion	happening
brenda	davis	didnt	exposed	grew	know	skeeter	soul	until	version
brenda	crush	lee	lol	older	than	two
10	big	bless	chart	found	god	later	sad	sister	sisters	whystill
artistgreetings	brilliant	everlasting	ireland	youth
davis	do	hard	skeerter
2006	broke	down	left	sixties
being	ends	guess	human	its	knowing	literally	lots	meantnot	nostalgiai	reasons	someones	suppose	toddler	world
away	because	cancer	early	growing	lord	sister	took
video
bring	thankful	youtube
50	apart	clock	could	drifted	gail	if	turn
film	grow	hit	its	knowing	make	sad	stars	them
2019	asking	been	better	bringing	lived	station	which	why	world
2019	60s	november	remembering	take
another	dont	dreams	has	kind	know	magical	mesmerizes	nostalgias	soul	spell	word
fav	late	lonely	sister	us
16	1963	cry	youth
adore	nostalgic
1963	63	accident	also	avery	bad	basketball	big	brenda	champs	dear	devistating	died	friend	girl	got	graduation	grandfather	high	junior	kennedy	lost	night	part	president	second	senior	shoot	since	singer	small	state	well	where	year
absorbed	been	knew	may	sang	sleep	understood	word
enough	liked	meaning	understand
across	cement	childwhen	hardenedso	has	ive	long	reallytakes	since	songthe	stumbled	thisgreat	version	wet	world
1963	50	barber	cant	cents	during	go	home	lunch	morning	no	paid	plus	saturday	shop	sitting	snowy	sounds	tip	waiting	went	winter
dedicated	tara
lovely	nostalgia	pictures	sad	sweet
60s	come	omgearly	please
11	2014	car	grandfather	heaven	hes	way
56	during
brother	elder	fantastic	popular
angstchilds	challenges	lifes	real	teenage
2015	55	71	age	died	in1992	parents	witch
13
cruise	dances	did	everything	generation	goes	head	living	moms
afterlove	away	gradei	hope	kind	maggie	man	moved	oh	shortly	th
34	car	im	oldies	others	ps	station
bring
60s	80s	bodies	bouncers	dances	didnt	dont	drugs	each	favourite	girl	high	know	longgone	missing	money	mutilate	night	no	other	ourselves	park	parties	piercings	police	refreshing	respected	rock	spend	summer	tattoos	tenderness	today	your	youth
anybody	did	feel	got	ooh	pain	reminded	same	sweet
away	both	boyfriend	friend	kept	playing	shame	stole	them
woman
boarding	by	children	choice	comes	dont	due	felt	grandchildren	hoping	looking	mind	money	mother	nor	sharing	thirteen	visit	windows
bring	go	sure
being	by	dumped	emotions	full	girlfriend	loss
40	hit	top
evokes
yes
13	1960s	age	ageless	already	appreciate	artists	connie	francis	knew	others	parents	taught	us
boy	high	long
changed	during	glad	gorgeous	handsome	history	human	humanity	knew	men	most	movies	must	people	pity	say	well	wise	women	word	worse	youngster
away	heart	lonely	medicine	oldies	ones	parents
marvelous	moments	nice
happened	memory	voicethis	wowwhat
betterand	bless	brenda	child	god	lee	make	marvelous	may	singer
feel	million	them	today
heart	nostalgic	sounds
before	believe	cant	forgive	instantly	missed	today
missed
ate
boymy	come	father	find	here	herel	itnow
2018	even	marvelous	moments
2018	dear	remembering	sironaca
forgot	memory	thats
cared	singer	teenager
bringing	memoriesthey
67	mean	older
17	1962	56	along	friends	going	here	korea	lyrics	memorize	popular	speakers	through	town
12	1963	alabama	allowance	anything	brenda	buy	case	cent	couldnt	earnings	earplug	else	everyday	fair	got	greater	japanese	lee	meet	minute	mobile	night	performance	performed	records	single	sleep	state	stayed	think	transistor	went
1963	dates	doze	early	get	hope	lovely	off	right	snow	snowy	south	upper	us	winter
bring	nice	simpler	them	tunecatchy
awesome
14	15	around	contest	danced	dancers	early	most	part	party	philippines	romantic	sister	think
by	same	stays
everyone	made
benson	reason	robbie	tune
brought	sears	wow
oh	simple	them
backlash	could	peers	social	worry	your
age	because	didnt	english	even	know	learned	oh	though
does	during	early	flood	germany	mind	stationed	usaf	wow
brought	child	commercial	sweet	tv
ex	rides	sunday
although	cupcakes	didnt	film	has	hot	long	mellowed	nostalgia	other	saw	soundtrack	summers	teenager	wanted
another	classic
40	agosears	brought	well	which	words	yesterday
by	evokes	gone	timeless	yearn
allsome	come	distant	gone	hearing	hope	however	karen	lives	long	lost	new	ones	past	think	through	totally	us	while
another	chinese	deeply	english	forget	memory	nearly	say	small	teenager	town	twenty	two
1970s	backyard	being	kind	outside	own	patio	playing	sitting	softly	stations	sun	wonder
band	round	someone	sound
awesome	being	cant	go	kid	knock
father	morning	mother	sung	while	woke
albums	friends	precious	teen
kid
oldies	past	tears
group	holds
aunts	dance	house	livingroom	record	stereo
16	incredible	wow
1976	certainly	dances	did	find	hard	heart	memorable	most	records	smile	stand	tracks	year
lady	special	way
definitely
1977	9th	fell	grade	graduation	high	john	jr	real	summer	wannamaker	year
19	australia	by	camping	cassette	deck	fishing	get	gets	glimpses	lonely	north	nostalgia	older	passes	past	playing	quickly	remote	sometimes	though	through	twin	western	year
76	conversation	dance	drink	fantastic	has	hold	intro	mobile	people	phone	right	seen	summer
college	dream	got	graduated	ibm	job
marvellous	miracles
chester	heart	pa	sweet
box	bring	cd	damn	danced	kid	listened	room	world	worry
get	hearing	homesick	oldies
40	angel	comparing	girl	idea	listened	long	merry	nice	perhaps	year	yester
14	45	did	disc	dont	get	got	home	penny	player	record	rpm	save
driving	grade	im	man	playing	riding	son	way
28	beach	being	by	car	fell	felt	grandma	memory	summer	sunny	thats
12	1976	aged	belts	disco	funfair	holiday	its	minehead	nearly	no	off	records	safety	spinning	summer	thrown	waltzer
artists	group
18	1976	oldi	taken	want	whenever
actually	dancing	fun	soul	train	watching
actually	air	angels	behind	blue	brand	called	crowd	eagle	entire	f15	fighter	flight	flying	introduced	jet	large	man	new	perform	pilot	plane	routine	saw	show	speakers	strike	through	went
10	47	its	wow
bbc	chicago	dancing	disco
appear	because	generation	make	new	nostalgia	want
2019reminiscing	daysgreetings	dec	northern	part	philippinesmabuhay
20	before	extreme	karen	longing	nostalgia	period	reason	rip	way
across	bring	yeas
beat	beautifully	cancer	carpenters	close	cry	did	doing	each	forever	friend	havent	hope	identical	if	joy	karaoke	karen	karens	last	liked	lost	made	remind	said	swear	talked	touch
by	changed	gone	has	looking	rather	sad	seems	today
memory
awesome	material	nostalgic	rip	sweet	tune
boy	chinese	country	freedom	grandma	mcdonald	missed	people	want	world
kid	want
lovely
carefree	cry	forever	its	kept	places	remain	reminded	right	things
better	funner	less	simpler	tech	world
2019	come
car	carpenters	riding	their	tunes
everything	jeez	parents
early	growing
07	1977	2019	august	carpenters	exactly	husband	met	nice	today
57	being	by	fast	looking	sad	teenager	think
19	cassette	cassettes	change	collection	growing	keeps	more	no	nostalgia	playing	tape	through
50	cry	license
2016	22nd	daughter	july	remembering
2019	29	dated	girl	im	impossible	june	lane	lot	memory	owed	pay	taught	today
nostalgic
148am	2019	29th	dubai	full	june	memoriesgreat	unforgettable
by	cried	did	elementary	feeling	flies	getting	listened	lyrics	quite	stronger	understand
cause	crying
15	brought	eyes	friend	reminded	sang	since	tears	today
anymore	anything	because	before	cant	changed	do	fast	fix	innocent	its	oh	past	people	person	relive	sad	tears	things	youre
50	60	70	alive	comment	commonnow	doing	everything	eye	find	gives	gonna	goosebumps	got	ha	if	ill	im	internet	isnt	leave	maybe	nostalgic	since	sometimes	teary	where
2018	august	been	cry	itbrings	la	nonstop	sha	shines	sincei	woah
arrangement	boy	drum	its	lyrics	oh	perfection	sweet
27	97	age	around	died	flash	grandma	missed
bring	do	floods	girl	head	hearing	lot	no	off	playing	recently	where
62019	come	growing	here	june	nostalgia
absolutely	apologies	bad	because	blow	feel	grammartical	its	make	melody	mistakes	relaxed	secondary	since	steam	student	such	want
18	although	backseat	car	do	english	even	kindergarten	know	learned	means	mums	year
africa	east	kenya	teenager
1973	angel	away	carpenter	karen	may	mother	rip
50s	60s	73	80s	although	angel	big	called	contemporaries	course	friends	glad	graduated	hs	knew	oldies	sisters	teen	well	words
16	1st	68	compare	fast	flies
kindergarten	made	past	teacher
12	51	boy	bring	changed	has	high	junior	smiles	tears	teenage
14	died	feel	grandmother	nostalgic	remembered	sad	which
along	bring	cry	grow	memoriesjust	see	songlistening
finally	find	tons
mp3	player	remembered	since
beside	go	longing
1973	64	feel	forever	greatest	hit	september
everytime	kid	kind	musics	parents	traveling
clearly	comeback	noise	omg
45	amazing	been	feel	made	night	since	sleep
brought	cassette	classic	kid
1970s	early	elementary
cried	forever	getting	healthy	older	oneway	people	realized	return	stay	them	ticket	want
2019	bring	nice
40	away	before	behind	beloved	friends	leaving	memory	nearer	past	unforgettable	which	while
1970s	40	able	afford	already	band	break	broadcasted	carmen	castes	china	classic	conservative	could	country	enough	faction	firm	here	image	iron	memory	player	poor	rules	streets	strong
36	could	cry	karen	lost	painful	sadly	today	todays	way	weird	world	yesterday
babychildhood	carpenters	hit	loud	lullabydamngood	sang	tapelol	timesand	yes
timebrings	top
anymore	here	them
1973	46	againwhere	along	bemy	canadian	carole	dating	experienced	flautist	free	french	lives	more	once	others	place	responsibilities	student	thats	through	transports	where	yesterday
30	boy	long	mind	primary	romantic
deceased	nostalgia	sentimentality
kid	memory
them
12	beautifulso	begin	girlsand	myself	romanticand	romanticism	said	songso	vision
behind	carpenters	couldnt	introduced	karen	left	putting	repeat	sad	stay
car
1974	album	around	arrangements	bringing	brothers	cathy	fell	floor	house	karens	living	masterpiece	neighbor	noneshe	player	pop	princess	record	room	sat	second	singles	thats
40	away	brother	children	hearing	younger
forget	grade	sixth
die	hard	youthmemories
bring	happiest	memory
come	grew	heart	nice	touches
more	once	yesterday
could	decency	meaning	more	once	yesterday
also	bad	come	sleep
cry	made
go	once	want
1973	45	along	australian	cargo	coast	communication	composition	destination	did	headed	its	melbourne	mesmerized	purchased	reaching	receiver	record	rpm	sailing	ship	station	store	style	suddenly	thing	unknown	way
fresh	give	missed	sadly	sounds	today
afternoon	cassette	sunday	vibes
10	almost	been	everytime	its	kid	listened	piece	since
5th	certainly	cried	elementary	english	grade	id	sure	waiting
awaybutwhen	gonelike	melted	more	moreonce	once	songsits	theyre	yesterdayyesterday
1956	attention	been	big	century	coming	desoto	everytime	face	fathers	grabbed	has	honestly	karen	later	left	liked	nearly	rich	riding	say	seat	smile	soon	too	truly	us	yours
80s	happiest	sad
bringing	karen	lots	most	such
familiar	lyrics	rhythm	take
clearly	come
actually	family	friends
1973	almost	beach	being	fl	ft	go	more	once	spent	two	vacation	walton	weeks	yesterday
come	cry	even	friend	lost	make	nowlong	once	show	where	yesterdays
bestbrings	fond	golden	top
also	bringing	cousins	didnt	doing	down	drive	emotions	fill	get	go	gone	hey	innocence	karen	kids	lane	memory	nuts	real	record	records	rip	sad	seems	soon	spin	trip	weekends
changed	heart	if	line	lyrics	rather	reversed	sad	seem	strike	theres	today	vietnamese	want	which	words
believed	brought	check	cover	feel	free	has	lot	means	nice	ones	page	please	slow
cry	forever	make	remind
1973	date	lingers
bring	gone	grew	shame	shes	them	types
growing	kid
1960	2018	40th	bkk	born	europe	friend	im	know	missed	most	muchand	such	them	till	use
20	close	could	express	eyes	ive	last	long	meet	missed	more	single	than	till	words
bring
kid	use
1976	6th	class	during	glasgow	grade	hansen	montana	teacher	their	year
albumstill	christmas	favorites	grew	their
clearly	come
bringing	finally	found	let	parents	part
by	has	heaven	introduced	mother
feeling	nostalgic
2018	amazing	clearly	come	memory	more	natural	once	talent	whos	wow	yesterday
1970	beneath	carpenters	earpiece	june	landing	landscape	late	memory	nice	playing	unfolded
around	being	child	fabulous	oh	seaside	trips
away	come	please	take	them
age	anymorebut	because	crazy	didthe	do	laugh	listened	recall	things
cry	listened	made	missed	strongly	understand
1015	60s	being	could	earlier	early	funny	longed	look	relate	reminiscing	teenager	younger
both	early	left	sad	too	us	your
40th	already	get	more	once	yesterday
album	car	could	finally	found	grandpas	japan	listened	oh	shalalala
afternoon	middle	plays
into	making	myself	night	stop	tears
30	competition	during	emotions	finding	forgot	growing	lived	memorized	past	singers	tears	yesterday
early	flashing	keep	mind	seventies	whenever	wow
actually	against	chinese	countries	different	doesnt	each	english	fight	humanity	im	kid	loves	other	races	said	see	something	theres	till	together	ugly	understand	us	weeping	which
by	changed	gone	has	looking	rather	sad	seem	today
cant	fathers	found	gradually	help	kid	lyrics	room	stop	tape	tears	understand
affordable	among	bought	buy	cheap	cool	country	current	display	easter	egg	enough	even	feature	gather	go	higherbrand	included	inside	lacks	lyrics	managed	money	mp3	ones	player	sadly	something	sorts	struggling	teenager	today	usb	which
by	did	expect	gives	goes	if	listener	past	quickly	recalling	serenity	silence	yesterday
andand	appreciate	due	eighteen	eleven	family	knew	listened	lyrics	melody	nice	pain	resonate	strongly	struggling	studies	ten	voiceand
alive	felt	stell	thenit
ballroom	capital	dancing	disco	dj	edwards	friday	greg	jesus	london	lyceum	night	radios	town
lots
3pm	brother	busting	everyone	flick	friends	high	home	neighborhood	playing	saturday	shaw	tail	until	watch
birmingham	blades	silver	sundays
14	15	bar	barman	feed	id	jukebox	keep	knew	playing	pop	uk
11th	2019	absolutely	forever	july	playing	rip	saddest
band	bringing	darlington	done	england	fabulous	lovely	shirley	well
19631979	1965	57	age	climb	comes	did	do	feel	go	into	machine	moves	people	press	respects	see	stuff	today	want	way
60s	amazing	before	born	captial	gold	grow	harmonys	sunday	their
1966	45	among	bought	certainly	exciting	faces	full	genuine	get	harmonies	hollies	its	perfect	perform	player	pleasure	record	rousing	singers	smiles	soaring	teenage	them	thirteen	tired	watch
because	bobby	by	drumming	drums	elliott	hollies	immediately	oh	older	perfect	playing	records	say	sisters	struck	teenager	thats	too	tried	twenty	while	yes
carl	nostalgic
10	45rpm	bringing	brother	home	record	yardbirds
away	british	fast	high	invasion	slipped	too
against	antiestablishment	beatles	beginnings	burn	did	doob	guys	high	if	kids	most	protest	revolt	soldiers	sort	thing	too	wanna	witnessing	yarbirds	youth
12	1966	ahead	cats	deserved	given	musically	priceless	props	rightly	their	way	yardbirds	year
timeless
husband	met
agree	albums	away	awesome	been	books	brother	elvis	few	freaking	got	handsome	hes	history	intrigued	library	made	man	millions	peace	presley	read	records	rest
air	before	lot	popular	senior	summer	year
child	compassionate	confessing	each	feelings	filled	flashbacks	get	italy	living	lovers	other	southern	street	where
heaven	kid	muchhe	sung
car	dads	remind	way
awesomeness	benson	brilliantly	george	glen	pure	sang	take
forever	party	youngwe
cassette	horrible	listened	quality	recorded	recorder	teenager
80s	remembered
born	gentle	innocent	no	pure	sexuality	singer	today	violence	way	why
80s	90s	such	youth
dancebrings	during	has	lasted	lot	sisters	their	wedding
1985	80s	find	into	looked	released	swear	until
18	fast	goes
17	1987
1988	backyard	dance	friend	learning	slow	summer
80sone	childhoodbeautiful	experienced	musichahaha	wowthis
40s	80s	90s	era	experience	glad	got	im	mid	sad	teenager
anyone	clock	could	else	get	ill	knowing	live	messed	rest	thing	turn
bring	build	machine	must	need	please	someone
ask	damn	dance	dances	high	jr	nerve	someone	working
32	loving	met	mine	reconnected	stopped
80s	change	feeling	gonna	its	nothing	same
1980s	car	forget	kill	lady	think	together	wreak
actually	boys	call	date	girl	jobs	living	longer	make	marriage	mattered	money	no	path	phone	place	romance	sad	seemed	taken	things	value	worth
classics	timeless
met	most	today	wife	woman
brain	coming	youth
17	1987brings	arent	awesome	kidsand	lasted	memorieswe	raised	together	wedding	why	wonder
18	1988	fond	form	im	its	leaving	party	sixth	summer
80s	boy	dancing	era	girls	magic	parties	wonderfull
away	didnt	family	friends	heartfelt	know	last	moved	past	togethermany
close	cry	eyes	flashback	most
12	beauty	forever	gave	girl	id	innocence	man	oh	puppy	recorded	released	serenity	stay	swore	tape	year
17	19	1987	30	50	almost	beach	brought	did	each	exactly	girlfriend	gives	incredible	lot	mind	nostalgia	other	running	same	such	video	watching
80s	90s
especially	nostalgic
kind	thankful	younger
17	although	didnt	going	holiday	im	italy	ive	know	restaurant	since	tv
man	stomach	turned
bits	chick	get	gone	got	hats	live	phone	your
40	because	boy	brought	come	doeeyed	fell	flies	future	innocent	knew	must	name	oldman	optimistic	schooland	seemed	tv	watch
18	30	80s	better	high	nothing	succeed	sweetheart	than	true	try
holiday
girl	made	mix	tape
80si	anymorei	dont	feel	fun	making	musics	no	nostalgic	ohglenwhy	recently	singer	sweet
80s	build	go	machine	need
didnt	grow	legendary
80s	could	go
80s	brother	drive	lake	reservation	roads	sunrise	use
80s	90s	boy	changed	could	go	things
14	1966	faces	fantastic	john	live	rip	scott	version	voices
60s	absolutely	brilliant	brothers	escape	fire	handsome	into	luton	ritz	saw	teenager	them	walker	went	where	wife
teenager
50	take
please	take
60s	colors	downthey	fantastic	girl	hendricks	hippy	jimmie	john	lady	mejees	omg	place	same	screamed	see	shouted	them	uk	wearing	went
could	go	know
14	being	faithfully	go	himunfortunately	marry	option	ready	scott	steady	totally	walker	wanted	watched
almost	painful	period
13	calypso	dances	doing	girls	going	has	hit	line	long	man	passionate	romantic	year
child	feel	nostalgic
60s	england	go	minute	ready	steady	teen	theicewitch54	watched	while
brilliant	its	mums
1996	60s	bought	brilliant	concert	denisex	distant	during	going	hemel	hempstead	hit	live	pav	pavillion	performed	pop	sharing	summer	their	top	volume	warm	wishes
grew	withhappy
60sheer	along	being	bliss	mums	right	side
1966	certainly	changed	got	hey	high	kicked	long	wearing
2019	60s	awesome	bands	brothers	else	endless	energies	era	etched	experiences	gary	gone	hearts	high	john	matters	most	nothing	raised	rip	rock	roll	scott	their	them	walker	yes	youre	youth
10	16	53	crush	feeling	found	girlfriend	got	hearing	heartache	later	lyrics	same	sign	thats	true	written	year
2019	60s	attached	being	go	goosebumps	melodrama	sept	songthe	teenager
attached	big	come	did	know	mysterious	place	teens	world
go	please	real	simpler	too
absolutely	get	sad
60s	alive	felt	optimistic
favorites	lovely	new	timeless
anymore	because	brokei	eyes	going	heart	rise	sun	tears	thought	yeah
big	could	give	see	sister	wendy	whatever
10	63	brilliant	cam	certainly	classic	era	hits	im	them	tune	vocals
66	almost	bar	beggar	blind	box	classic	cornell	early	forehead	george	innocent	juke	killing	kray	march	oldthis	outright	playing	ronnie	sat	shot	straight	through	timeless	while	whitechapel
brought	called	crap	eyes	grandchild	tears
brought	crazy	non	stop	teen
audio	cassette	child	rap	tape
germany	jam	stationed
way	wise
club	jumping
club	go	teen	texas
80s	club
1980s	cool	dont	guy	lil	look	man	oh	wayne
80s	take
could	damn	go
2000s	90s	boy	dance	dancing	do	fiance	floor	generation	last	man	new	night	take
girls
backrolling	beats	better	cant	gardensyou	god	roller	schoolthe	skating	top
def	down	reminiscing	rink	skating	too	track
ah	classic	damn	dance	dope	floor	friends	hellthis	here	high	outmy	right	shitthis	tear	track	upliterally	use
ah	awesome	rink	skating
8889	afb	been	everybody	fltyndal	got	looking	lot	man	namethanks	new
1988	anyway	because	chance	got	hating	jams	kind	rapping	rocking	whatever
everything	more	say	than
80s
bath	bathing	precious	real	us	while
being	girl	parents
2009	6th	away	became	boyfriend	cassette	ex	gradelol	has	husband	late	later	pass	sent	since	thinkmiss	use	whenever
80s	because	car	deceased	didnt	each	getting	give	hard	knew	know	mother	other	something	turn	usually	wed
1980	40ish	age	blink	cat	doggo	early	enough	even	existed	eye	feels	forgotten	gives	if	ill	im	lady	live	long	lovely	lucky	nostalgia	probably	right	saw	serenading	such	sweet	until	warm	yesterday
big	hit	its	more	say	than	words
2019	airport	broken	goodbye	heart	herereminds	high	moving	saying	state	truly
father	often	sings
2019	feels	fresh	past	relate
teenager	wow
feeling	omg	throw
carefree	joyful	leo	remind	yes
broadcasting	classic	corp	enjoy	excellent	srilanka	youth
30	apropos	gives	goodness	innocent	nice	smile
2019i	january	looking	next	nothing	parents	playing	seat	sister	sitting
eyesnostalgic	tears
inhaling	nostalgia	soon
danced	high	maine	portland	roller	skated	sweethearts	wedding	well	wheels	wife
80s	being	humming	nostalgia	proud
another	garbage	past	today	world
father	kid	liked	moment	morning	open
14	82	danube	exactly	falling	feeling	girl	hand	kiss	long	shores	summer	tied	walks	year
19812	birthday	care	ladies	shelter	sisters	tasmania	tassie	womens	wow
46	62	chevy	driving	flatbed	forgotten	has	lol	middle	momma	rip	say	stood	while	wow
heart	mind	sweet	warms
60s	80s	beat	getting	nostalgic	nothing
sang
remind
before	feeling	fresh	gives	green	leaving	meremember	sayer	single	tracks	wowleo
1980	20	different	drove	girlfriend	indiana	least	phoenix	stations	way
better
1998	friend	girl	high	schoolmy
1980	discos	machine	madrids	pubswish
mine	missed	moons	younger
bring
alright	classic	mate
50s	60s	80s	being	better	could	feelings	inside	older	place	sung	touched	understand	words
growing	upmiss
60s70s	drives	turns
above	amount	bitter	bringing	cherished	enormous	sweet
because	born	date	daysbrings	later	musichow	oh	real	well
13	boyfriend	cause	cry	field	long	loud	myself	reminded	trips
1954	age	anyone	aware	been	born	captured	commented	elvis	emulate	even	gifted	grandmother	has	imagination	others	popular	presence	presentation	sound	started	through	today
21	28	bought	car	cd	crying	divorce	down	driving	ended	later	loud	marriage	rolled	turning	windows
